yyyymmdd,is_member,rides
2014-04-15,0,48
2014-04-15,1,1529
2014-04-16,0,135
2014-04-16,1,3045
2014-04-17,0,413
2014-04-17,1,5439
2014-04-18,0,566
2014-04-18,1,4759
2014-04-19,0,1159
2014-04-19,1,4872
2014-04-20,0,1417
2014-04-20,1,4641
2014-04-21,0,927
2014-04-21,1,5912
2014-04-22,0,249
2014-04-22,1,4480
2014-04-23,0,415
2014-04-23,1,8209
2014-04-24,0,789
2014-04-24,1,9787
2014-04-25,0,1123
2014-04-25,1,10728
2014-04-26,0,294
2014-04-26,1,2612
2014-04-27,0,609
2014-04-27,1,5295
2014-04-28,0,751
2014-04-28,1,9918
2014-04-29,0,913
2014-04-29,1,11325
2014-04-30,0,317
2014-04-30,1,5588
2014-05-01,0,537
2014-05-01,1,8444
2014-05-02,0,944
2014-05-02,1,11415
2014-05-03,0,1301
2014-05-03,1,7927
2014-05-04,0,345
2014-05-04,1,3462
2014-05-05,0,743
2014-05-05,1,11463
2014-05-06,0,1097
2014-05-06,1,13853
2014-05-07,0,1447
2014-05-07,1,15035
2014-05-08,0,1553
2014-05-08,1,15590
2014-05-09,0,1123
2014-05-09,1,13505
2014-05-10,0,2325
2014-05-10,1,11785
2014-05-11,0,2534
2014-05-11,1,10718
2014-05-12,0,1380
2014-05-12,1,16066
2014-05-13,0,966
2014-05-13,1,14784
2014-05-14,0,1259
2014-05-14,1,16339
2014-05-15,0,1609
2014-05-15,1,17436
2014-05-16,0,546
2014-05-16,1,8096
2014-05-17,0,1795
2014-05-17,1,9590
2014-05-18,0,3624
2014-05-18,1,10391
2014-05-19,0,2888
2014-05-19,1,11302
2014-05-20,0,1980
2014-05-20,1,17537
2014-05-21,0,1733
2014-05-21,1,18439
2014-05-22,0,1022
2014-05-22,1,12999
2014-05-23,0,1457
2014-05-23,1,16111
2014-05-24,0,4369
2014-05-24,1,12923
2014-05-25,0,4603
2014-05-25,1,12345
2014-05-26,0,1519
2014-05-26,1,12340
2014-05-27,0,494
2014-05-27,1,8746
2014-05-28,0,930
2014-05-28,1,13403
2014-05-29,0,1954
2014-05-29,1,18522
2014-05-30,0,2022
2014-05-30,1,16611
2014-05-31,0,4287
2014-05-31,1,13698
2014-06-01,0,4192
2014-06-01,1,13249
2014-06-02,0,2485
2014-06-02,1,17813
2014-06-03,0,1110
2014-06-03,1,12071
2014-06-04,0,1714
2014-06-04,1,18133
2014-06-05,0,1254
2014-06-05,1,15892
2014-06-06,0,2193
2014-06-06,1,17390
2014-06-07,0,4647
2014-06-07,1,14898
2014-06-08,0,3554
2014-06-08,1,13405
2014-06-09,0,1792
2014-06-09,1,18125
2014-06-10,0,1756
2014-06-10,1,17572
2014-06-11,0,1229
2014-06-11,1,15315
2014-06-12,0,329
2014-06-12,1,6498
2014-06-13,0,439
2014-06-13,1,7891
2014-06-14,0,2135
2014-06-14,1,11630
2014-06-15,0,2880
2014-06-15,1,13345
2014-06-16,0,1718
2014-06-16,1,18364
2014-06-17,0,1574
2014-06-17,1,18311
2014-06-18,0,1559
2014-06-18,1,19249
2014-06-19,0,2046
2014-06-19,1,21557
2014-06-20,0,2363
2014-06-20,1,18841
2014-06-21,0,3433
2014-06-21,1,12711
2014-06-22,0,3620
2014-06-22,1,12804
2014-06-23,0,2352
2014-06-23,1,16992
2014-06-24,0,856
2014-06-24,1,5161
2014-06-25,0,1417
2014-06-25,1,16785
2014-06-26,0,2338
2014-06-26,1,20424
2014-06-27,0,2979
2014-06-27,1,19263
2014-06-28,0,4942
2014-06-28,1,13586
2014-06-29,0,4338
2014-06-29,1,12754
2014-06-30,0,2908
2014-06-30,1,15682
2014-07-01,0,2700
2014-07-01,1,13315
2014-07-02,0,2159
2014-07-02,1,19259
2014-07-03,0,1904
2014-07-03,1,17869
2014-07-04,0,2923
2014-07-04,1,17375
2014-07-05,0,4835
2014-07-05,1,13638
2014-07-06,0,3567
2014-07-06,1,12858
2014-07-07,0,821
2014-07-07,1,12052
2014-07-08,0,1345
2014-07-08,1,17268
2014-07-09,0,1428
2014-07-09,1,19071
2014-07-10,0,1882
2014-07-10,1,20297
2014-07-11,0,2360
2014-07-11,1,19987
2014-07-12,0,3550
2014-07-12,1,14526
2014-07-13,0,1160
2014-07-13,1,7142
2014-07-14,0,1770
2014-07-14,1,18624
2014-07-15,0,1038
2014-07-15,1,15984
2014-07-16,0,2192
2014-07-16,1,20540
2014-07-17,0,1925
2014-07-17,1,19643
2014-07-18,0,2636
2014-07-18,1,19030
2014-07-19,0,4576
2014-07-19,1,14171
2014-07-20,0,3652
2014-07-20,1,12694
2014-07-21,0,2496
2014-07-21,1,18033
2014-07-22,0,2494
2014-07-22,1,18885
2014-07-23,0,1606
2014-07-23,1,14800
2014-07-24,0,2759
2014-07-24,1,20002
2014-07-25,0,2699
2014-07-25,1,18439
2014-07-26,0,4633
2014-07-26,1,12666
2014-07-27,0,2463
2014-07-27,1,9211
2014-07-28,0,527
2014-07-28,1,7357
2014-07-29,0,2150
2014-07-29,1,17864
2014-07-30,0,1996
2014-07-30,1,16950
2014-07-31,0,1709
2014-07-31,1,15847
2014-08-01,0,3437
2014-08-01,1,18201
2014-08-02,0,5631
2014-08-02,1,13646
2014-08-03,0,5538
2014-08-03,1,12566
2014-08-04,0,3589
2014-08-04,1,16306
2014-08-05,0,2414
2014-08-05,1,17610
2014-08-06,0,2616
2014-08-06,1,18882
2014-08-07,0,2303
2014-08-07,1,17809
2014-08-08,0,3220
2014-08-08,1,18376
2014-08-09,0,4500
2014-08-09,1,12916
2014-08-10,0,3929
2014-08-10,1,12043
2014-08-11,0,2927
2014-08-11,1,17735
2014-08-12,0,2160
2014-08-12,1,17077
2014-08-13,0,210
2014-08-13,1,3859
2014-08-14,0,1494
2014-08-14,1,15854
2014-08-15,0,1279
2014-08-15,1,12171
2014-08-16,0,1377
2014-08-16,1,6152
2014-08-17,0,2143
2014-08-17,1,10530
2014-08-18,0,2351
2014-08-18,1,16661
2014-08-19,0,2589
2014-08-19,1,18629
2014-08-20,0,2580
2014-08-20,1,18724
2014-08-21,0,2064
2014-08-21,1,17262
2014-08-22,0,2458
2014-08-22,1,17220
2014-08-23,0,3947
2014-08-23,1,13205
2014-08-24,0,3625
2014-08-24,1,12390
2014-08-25,0,2301
2014-08-25,1,17808
2014-08-26,0,2225
2014-08-26,1,19142
2014-08-27,0,2280
2014-08-27,1,17994
2014-08-28,0,1905
2014-08-28,1,18031
2014-08-29,0,3083
2014-08-29,1,18250
2014-08-30,0,5367
2014-08-30,1,11732
2014-08-31,0,3957
2014-08-31,1,8500
2014-09-01,0,3349
2014-09-01,1,10723
2014-09-02,0,1491
2014-09-02,1,15807
2014-09-03,0,1762
2014-09-03,1,19646
2014-09-04,0,1634
2014-09-04,1,20062
2014-09-05,0,1553
2014-09-05,1,17256
2014-09-06,0,1166
2014-09-06,1,8567
2014-09-07,0,2254
2014-09-07,1,12165
2014-09-08,0,1329
2014-09-08,1,18654
2014-09-09,0,1506
2014-09-09,1,18906
2014-09-10,0,1531
2014-09-10,1,19058
2014-09-11,0,574
2014-09-11,1,13182
2014-09-12,0,1104
2014-09-12,1,15672
2014-09-13,0,533
2014-09-13,1,5518
2014-09-14,0,1059
2014-09-14,1,8500
2014-09-15,0,904
2014-09-15,1,15520
2014-09-16,0,917
2014-09-16,1,16331
2014-09-17,0,807
2014-09-17,1,16457
2014-09-18,0,871
2014-09-18,1,15943
2014-09-19,0,1432
2014-09-19,1,15546
2014-09-20,0,1756
2014-09-20,1,10388
2014-09-21,0,905
2014-09-21,1,7659
2014-09-22,0,1123
2014-09-22,1,13795
2014-09-23,0,815
2014-09-23,1,14719
2014-09-24,0,910
2014-09-24,1,16683
2014-09-25,0,1148
2014-09-25,1,17660
2014-09-26,0,1674
2014-09-26,1,17602
2014-09-27,0,2909
2014-09-27,1,12972
2014-09-28,0,2568
2014-09-28,1,11844
2014-09-29,0,832
2014-09-29,1,14350
2014-09-30,0,752
2014-09-30,1,15192
2014-10-01,0,723
2014-10-01,1,15387
2014-10-02,0,919
2014-10-02,1,16188
2014-10-03,0,1467
2014-10-03,1,16095
2014-10-04,0,325
2014-10-04,1,3605
2014-10-05,0,915
2014-10-05,1,7738
2014-10-06,0,607
2014-10-06,1,13307
2014-10-07,0,488
2014-10-07,1,10988
2014-10-08,0,304
2014-10-08,1,8178
2014-10-09,0,337
2014-10-09,1,12059
2014-10-10,0,657
2014-10-10,1,12019
2014-10-11,0,1520
2014-10-11,1,7252
2014-10-12,0,1977
2014-10-12,1,6689
2014-10-13,0,1353
2014-10-13,1,6812
2014-10-14,0,1020
2014-10-14,1,14493
2014-10-15,0,620
2014-10-15,1,13324
2014-10-16,0,299
2014-10-16,1,8331
2014-10-17,0,890
2014-10-17,1,12432
2014-10-18,0,901
2014-10-18,1,6857
2014-10-19,0,554
2014-10-19,1,6291
2014-10-20,0,344
2014-10-20,1,9739
2014-10-21,0,169
2014-10-21,1,7666
2014-10-22,0,242
2014-10-22,1,10699
2014-10-23,0,171
2014-10-23,1,7225
2014-10-24,0,488
2014-10-24,1,10510
2014-10-25,0,658
2014-10-25,1,6454
2014-10-26,0,548
2014-10-26,1,6252
2014-10-27,0,501
2014-10-27,1,10845
2014-10-28,0,270
2014-10-28,1,10204
2014-10-29,0,435
2014-10-29,1,11516
2014-10-30,0,437
2014-10-30,1,11289
2014-10-31,0,486
2014-10-31,1,10749
2014-11-01,0,415
2014-11-01,1,5847
2014-11-02,0,399
2014-11-02,1,5445
2014-11-03,0,231
2014-11-03,1,8749
2014-11-04,0,183
2014-11-04,1,9188
2014-11-05,0,213
2014-11-05,1,9706
2014-11-06,0,258
2014-11-06,1,9221
2014-11-07,0,177
2014-11-07,1,6965
2014-11-08,0,317
2014-11-08,1,5288
2014-11-09,0,216
2014-11-09,1,4770
2014-11-10,0,246
2014-11-10,1,8456
2014-11-11,0,301
2014-11-11,1,9405
2014-11-12,0,160
2014-11-12,1,6351
2014-11-13,0,154
2014-11-13,1,7811
2014-11-14,0,170
2014-11-14,1,6841
2014-11-15,0,174
2014-11-15,1,3635
2014-11-16,0,1
2014-11-16,1,100
2015-04-15,0,557
2015-04-15,1,7394
2015-04-16,0,859
2015-04-16,1,9130
2015-04-17,0,1164
2015-04-17,1,10122
2015-04-18,0,884
2015-04-18,1,5338
2015-04-19,0,1857
2015-04-19,1,6754
2015-04-20,0,270
2015-04-20,1,5052
2015-04-21,0,330
2015-04-21,1,6288
2015-04-22,0,282
2015-04-22,1,6857
2015-04-23,0,283
2015-04-23,1,6886
2015-04-24,0,345
2015-04-24,1,7832
2015-04-25,0,995
2015-04-25,1,7227
2015-04-26,0,1278
2015-04-26,1,7086
2015-04-27,0,587
2015-04-27,1,9019
2015-04-28,0,1235
2015-04-28,1,13450
2015-04-29,0,1370
2015-04-29,1,13894
2015-04-30,0,1514
2015-04-30,1,14132
2015-05-01,0,2280
2015-05-01,1,15473
2015-05-02,0,4830
2015-05-02,1,13216
2015-05-03,0,4202
2015-05-03,1,12645
2015-05-04,0,1803
2015-05-04,1,14142
2015-05-05,0,1987
2015-05-05,1,17642
2015-05-06,0,2212
2015-05-06,1,18296
2015-05-07,0,2436
2015-05-07,1,18894
2015-05-08,0,3309
2015-05-08,1,19578
2015-05-09,0,3806
2015-05-09,1,11987
2015-05-10,0,2443
2015-05-10,1,9428
2015-05-11,0,458
2015-05-11,1,7478
2015-05-12,0,1026
2015-05-12,1,12158
2015-05-13,0,1748
2015-05-13,1,17632
2015-05-14,0,2174
2015-05-14,1,18772
2015-05-15,0,2650
2015-05-15,1,17464
2015-05-16,0,3973
2015-05-16,1,10669
2015-05-17,0,6868
2015-05-17,1,12884
2015-05-18,0,4145
2015-05-18,1,11736
2015-05-19,0,1927
2015-05-19,1,17030
2015-05-20,0,1575
2015-05-20,1,16693
2015-05-21,0,2211
2015-05-21,1,17938
2015-05-22,0,1738
2015-05-22,1,14491
2015-05-23,0,3910
2015-05-23,1,11836
2015-05-24,0,5356
2015-05-24,1,12568
2015-05-25,0,1099
2015-05-25,1,8793
2015-05-26,0,2227
2015-05-26,1,18764
2015-05-27,0,2203
2015-05-27,1,18938
2015-05-28,0,1768
2015-05-28,1,15682
2015-05-29,0,4295
2015-05-29,1,20648
2015-05-30,0,4999
2015-05-30,1,13178
2015-05-31,0,3119
2015-05-31,1,10248
2015-06-01,0,1529
2015-06-01,1,12872
2015-06-02,0,999
2015-06-02,1,12120
2015-06-03,0,2241
2015-06-03,1,18801
2015-06-04,0,2811
2015-06-04,1,20518
2015-06-05,0,2100
2015-06-05,1,14772
2015-06-06,0,5867
2015-06-06,1,14779
2015-06-07,0,4560
2015-06-07,1,12830
2015-06-08,0,922
2015-06-08,1,9271
2015-06-09,0,1092
2015-06-09,1,11346
2015-06-10,0,2021
2015-06-10,1,18099
2015-06-11,0,2182
2015-06-11,1,18833
2015-06-12,0,1346
2015-06-12,1,11453
2015-06-13,0,6183
2015-06-13,1,15216
2015-06-14,0,5665
2015-06-14,1,14434
2015-06-15,0,2860
2015-06-15,1,15275
2015-06-16,0,1195
2015-06-16,1,11860
2015-06-17,0,3152
2015-06-17,1,20513
2015-06-18,0,2583
2015-06-18,1,18897
2015-06-19,0,3578
2015-06-19,1,19223
2015-06-20,0,6018
2015-06-20,1,14779
2015-06-21,0,3267
2015-06-21,1,10751
2015-06-22,0,2734
2015-06-22,1,18227
2015-06-23,0,2172
2015-06-23,1,16568
2015-06-24,0,4657
2015-06-24,1,13377
2015-06-25,0,3295
2015-06-25,1,19017
2015-06-26,0,4015
2015-06-26,1,19448
2015-06-27,0,7187
2015-06-27,1,13970
2015-06-28,0,1112
2015-06-28,1,3634
2015-06-29,0,3306
2015-06-29,1,15870
2015-06-30,0,3508
2015-06-30,1,16328
2015-07-01,0,1268
2015-07-01,1,7010
2015-07-02,0,3579
2015-07-02,1,19062
2015-07-03,0,5729
2015-07-03,1,19227
2015-07-04,0,8245
2015-07-04,1,14335
2015-07-05,0,5728
2015-07-05,1,13621
2015-07-06,0,3233
2015-07-06,1,18576
2015-07-07,0,2143
2015-07-07,1,16574
2015-07-08,0,3222
2015-07-08,1,20009
2015-07-09,0,3324
2015-07-09,1,20169
2015-07-10,0,3956
2015-07-10,1,19705
2015-07-11,0,5521
2015-07-11,1,14207
2015-07-12,0,4781
2015-07-12,1,13039
2015-07-13,0,2911
2015-07-13,1,18111
2015-07-14,0,2910
2015-07-14,1,18599
2015-07-15,0,3477
2015-07-15,1,20335
2015-07-16,0,3459
2015-07-16,1,20068
2015-07-17,0,3209
2015-07-17,1,16759
2015-07-18,0,4328
2015-07-18,1,11586
2015-07-19,0,3309
2015-07-19,1,9583
2015-07-20,0,3594
2015-07-20,1,18200
2015-07-21,0,1588
2015-07-21,1,11716
2015-07-22,0,3015
2015-07-22,1,18262
2015-07-23,0,3176
2015-07-23,1,18141
2015-07-24,0,3587
2015-07-24,1,16203
2015-07-25,0,6052
2015-07-25,1,12831
2015-07-26,0,4594
2015-07-26,1,11306
2015-07-27,0,2795
2015-07-27,1,15643
2015-07-28,0,3211
2015-07-28,1,17872
2015-07-29,0,3566
2015-07-29,1,18240
2015-07-30,0,3386
2015-07-30,1,16642
2015-07-31,0,4757
2015-07-31,1,17581
2015-08-01,0,6802
2015-08-01,1,12264
2015-08-02,0,6968
2015-08-02,1,12063
2015-08-03,0,3880
2015-08-03,1,15752
2015-08-04,0,3525
2015-08-04,1,17901
2015-08-05,0,3471
2015-08-05,1,17408
2015-08-06,0,3307
2015-08-06,1,17939
2015-08-07,0,3911
2015-08-07,1,16606
2015-08-08,0,6103
2015-08-08,1,12886
2015-08-09,0,5108
2015-08-09,1,11738
2015-08-10,0,3545
2015-08-10,1,16309
2015-08-11,0,1181
2015-08-11,1,9037
2015-08-12,0,2608
2015-08-12,1,15661
2015-08-13,0,3412
2015-08-13,1,17642
2015-08-14,0,2296
2015-08-14,1,13010
2015-08-15,0,5790
2015-08-15,1,12717
2015-08-16,0,5242
2015-08-16,1,11843
2015-08-17,0,3617
2015-08-17,1,16758
2015-08-18,0,3451
2015-08-18,1,16969
2015-08-19,0,3255
2015-08-19,1,17829
2015-08-20,0,3404
2015-08-20,1,17690
2015-08-21,0,3894
2015-08-21,1,16806
2015-08-22,0,5919
2015-08-22,1,12392
2015-08-23,0,5645
2015-08-23,1,11650
2015-08-24,0,3159
2015-08-24,1,16367
2015-08-25,0,3245
2015-08-25,1,17798
2015-08-26,0,3346
2015-08-26,1,18395
2015-08-27,0,3333
2015-08-27,1,17911
2015-08-28,0,4255
2015-08-28,1,18152
2015-08-29,0,5258
2015-08-29,1,11772
2015-08-30,0,4943
2015-08-30,1,11992
2015-08-31,0,3244
2015-08-31,1,17131
2015-09-01,0,3038
2015-09-01,1,18877
2015-09-02,0,2947
2015-09-02,1,18330
2015-09-03,0,3010
2015-09-03,1,19009
2015-09-04,0,3738
2015-09-04,1,18045
2015-09-05,0,6882
2015-09-05,1,11521
2015-09-06,0,7362
2015-09-06,1,10437
2015-09-07,0,4560
2015-09-07,1,8844
2015-09-08,0,2425
2015-09-08,1,17811
2015-09-09,0,2086
2015-09-09,1,17834
2015-09-10,0,2550
2015-09-10,1,19076
2015-09-11,0,3308
2015-09-11,1,18985
2015-09-12,0,1567
2015-09-12,1,6683
2015-09-13,0,684
2015-09-13,1,4656
2015-09-14,0,1216
2015-09-14,1,11660
2015-09-15,0,2000
2015-09-15,1,18619
2015-09-16,0,2167
2015-09-16,1,19303
2015-09-17,0,2391
2015-09-17,1,19134
2015-09-18,0,3240
2015-09-18,1,18886
2015-09-19,0,4086
2015-09-19,1,10722
2015-09-20,0,3796
2015-09-20,1,11376
2015-09-21,0,2168
2015-09-21,1,16739
2015-09-22,0,3085
2015-09-22,1,18369
2015-09-23,0,2216
2015-09-23,1,18562
2015-09-24,0,2290
2015-09-24,1,17764
2015-09-25,0,2094
2015-09-25,1,15586
2015-09-26,0,3354
2015-09-26,1,10837
2015-09-27,0,2957
2015-09-27,1,10680
2015-09-28,0,190
2015-09-28,1,12584
2015-09-29,1,10886
2015-09-30,0,1
2015-09-30,1,10099
2015-10-01,0,944
2015-10-01,1,14427
2015-10-02,0,1092
2015-10-02,1,13242
2015-10-03,0,1631
2015-10-03,1,8441
2015-10-04,0,1644
2015-10-04,1,7760
2015-10-05,0,1052
2015-10-05,1,13411
2015-10-06,0,1047
2015-10-06,1,14243
2015-10-07,0,1123
2015-10-07,1,14723
2015-10-08,0,1291
2015-10-08,1,14199
2015-10-09,0,468
2015-10-09,1,6604
2015-10-10,0,1765
2015-10-10,1,7101
2015-10-11,0,2228
2015-10-11,1,6316
2015-10-12,0,2534
2015-10-12,1,8165
2015-10-13,0,655
2015-10-13,1,10022
2015-10-14,0,770
2015-10-14,1,12519
2015-10-15,0,787
2015-10-15,1,11208
2015-10-16,0,1055
2015-10-16,1,11582
2015-10-17,0,683
2015-10-17,1,5022
2015-10-18,0,703
2015-10-18,1,5087
2015-10-19,0,448
2015-10-19,1,9311
2015-10-20,0,794
2015-10-20,1,12144
2015-10-21,0,661
2015-10-21,1,11398
2015-10-22,0,864
2015-10-22,1,10743
2015-10-23,0,858
2015-10-23,1,10692
2015-10-24,0,1355
2015-10-24,1,6406
2015-10-25,0,578
2015-10-25,1,4866
2015-10-26,0,678
2015-10-26,1,9973
2015-10-27,0,757
2015-10-27,1,10834
2015-10-28,0,289
2015-10-28,1,5758
2015-10-29,0,427
2015-10-29,1,9093
2015-10-30,0,734
2015-10-30,1,9844
2015-10-31,0,1006
2015-10-31,1,6542
2015-11-01,0,437
2015-11-01,1,3468
2015-11-02,0,656
2015-11-02,1,9994
2015-11-03,0,688
2015-11-03,1,10936
2015-11-04,0,706
2015-11-04,1,10965
2015-11-05,0,897
2015-11-05,1,11669
2015-11-06,0,761
2015-11-06,1,9623
2015-11-07,0,1162
2015-11-07,1,6635
2015-11-08,0,885
2015-11-08,1,5204
2015-11-09,0,606
2015-11-09,1,9053
2015-11-10,0,530
2015-11-10,1,9789
2015-11-11,0,504
2015-11-11,1,9502
2015-11-12,0,236
2015-11-12,1,5795
2015-11-13,0,286
2015-11-13,1,6491
2015-11-14,0,395
2015-11-14,1,4303
2015-11-15,0,308
2015-11-15,1,3831
2015-11-16,0,5
2015-11-16,1,87
2016-04-15,0,1014
2016-04-15,1,8473
2016-04-16,0,2910
2016-04-16,1,8096
2016-04-17,0,4233
2016-04-17,1,9393
2016-04-18,0,423
2016-04-18,1,5453
2016-04-19,0,994
2016-04-19,1,11517
2016-04-20,0,1242
2016-04-20,1,12109
2016-04-21,0,1904
2016-04-21,1,13940
2016-04-22,0,937
2016-04-22,1,8606
2016-04-23,0,3111
2016-04-23,1,10139
2016-04-24,0,2308
2016-04-24,1,8215
2016-04-25,0,1070
2016-04-25,1,11212
2016-04-26,0,1024
2016-04-26,1,11505
2016-04-27,0,945
2016-04-27,1,11105
2016-04-28,0,1147
2016-04-28,1,11812
2016-04-29,0,1790
2016-04-29,1,12725
2016-04-30,0,4191
2016-04-30,1,10971
2016-05-01,0,981
2016-05-01,1,4555
2016-05-02,0,519
2016-05-02,1,9550
2016-05-03,0,1742
2016-05-03,1,15217
2016-05-04,0,1277
2016-05-04,1,14138
2016-05-05,0,2157
2016-05-05,1,16877
2016-05-06,0,3669
2016-05-06,1,17689
2016-05-07,0,5629
2016-05-07,1,13254
2016-05-08,0,969
2016-05-08,1,5439
2016-05-09,0,1108
2016-05-09,1,12792
2016-05-10,0,2134
2016-05-10,1,17383
2016-05-11,0,2650
2016-05-11,1,18120
2016-05-12,0,3276
2016-05-12,1,19646
2016-05-13,0,1750
2016-05-13,1,14332
2016-05-14,0,3829
2016-05-14,1,11190
2016-05-15,0,1243
2016-05-15,1,6950
2016-05-16,0,658
2016-05-16,1,10873
2016-05-17,0,1222
2016-05-17,1,14942
2016-05-18,0,2139
2016-05-18,1,18084
2016-05-19,0,2288
2016-05-19,1,17974
2016-05-20,0,4488
2016-05-20,1,19332
2016-05-21,0,7558
2016-05-21,1,13261
2016-05-22,0,8514
2016-05-22,1,12648
2016-05-23,0,6157
2016-05-23,1,12952
2016-05-24,0,3462
2016-05-24,1,19994
2016-05-25,0,2739
2016-05-25,1,18659
2016-05-26,0,3517
2016-05-26,1,20688
2016-05-27,0,3186
2016-05-27,1,17592
2016-05-28,0,8423
2016-05-28,1,16678
2016-05-29,0,15729
2016-05-29,1,13155
2016-05-30,0,3765
2016-05-30,1,18953
2016-05-31,0,3215
2016-05-31,1,20829
2016-06-01,0,3721
2016-06-01,1,22054
2016-06-02,0,1855
2016-06-02,1,14968
2016-06-03,0,6019
2016-06-03,1,23244
2016-06-04,0,9127
2016-06-04,1,17004
2016-06-05,0,1811
2016-06-05,1,4793
2016-06-06,0,2946
2016-06-06,1,17512
2016-06-07,0,2851
2016-06-07,1,19301
2016-06-08,0,2102
2016-06-08,1,17131
2016-06-09,0,1608
2016-06-09,1,14539
2016-06-10,0,4161
2016-06-10,1,20636
2016-06-11,0,5782
2016-06-11,1,13100
2016-06-12,0,2972
2016-06-12,1,9290
2016-06-13,0,2422
2016-06-13,1,18499
2016-06-14,0,3145
2016-06-14,1,22111
2016-06-15,0,3331
2016-06-15,1,22566
2016-06-16,0,4057
2016-06-16,1,23243
2016-06-17,0,4966
2016-06-17,1,22214
2016-06-18,0,7919
2016-06-18,1,16334
2016-06-19,0,5978
2016-06-19,1,14219
2016-06-20,0,3220
2016-06-20,1,19706
2016-06-21,0,3455
2016-06-21,1,21705
2016-06-22,0,2226
2016-06-22,1,16606
2016-06-23,0,4092
2016-06-23,1,21705
2016-06-24,0,6659
2016-06-24,1,13436
2016-06-25,0,6882
2016-06-25,1,13229
2016-06-26,0,10540
2016-06-26,1,12835
2016-06-27,0,2321
2016-06-27,1,14742
2016-06-28,0,1966
2016-06-28,1,14942
2016-06-29,0,2455
2016-06-29,1,17270
2016-06-30,0,4344
2016-06-30,1,21581
2016-07-01,0,5594
2016-07-01,1,11489
2016-07-02,0,6906
2016-07-02,1,11990
2016-07-03,0,8948
2016-07-03,1,13303
2016-07-04,0,5270
2016-07-04,1,20739
2016-07-05,0,4765
2016-07-05,1,22522
2016-07-06,0,4291
2016-07-06,1,22397
2016-07-07,0,4423
2016-07-07,1,21495
2016-07-08,0,4603
2016-07-08,1,20520
2016-07-09,0,2230
2016-07-09,1,7667
2016-07-10,0,2940
2016-07-10,1,10492
2016-07-11,0,4063
2016-07-11,1,21131
2016-07-12,0,3884
2016-07-12,1,22320
2016-07-13,0,3727
2016-07-13,1,21217
2016-07-14,0,3247
2016-07-14,1,19790
2016-07-15,0,4150
2016-07-15,1,19239
2016-07-16,0,7649
2016-07-16,1,14642
2016-07-17,0,6834
2016-07-17,1,13845
2016-07-18,0,3403
2016-07-18,1,18381
2016-07-19,0,4342
2016-07-19,1,20933
2016-07-20,0,4567
2016-07-20,1,21760
2016-07-21,0,4503
2016-07-21,1,21310
2016-07-22,0,4646
2016-07-22,1,19320
2016-07-23,0,5076
2016-07-23,1,10899
2016-07-24,0,7112
2016-07-24,1,13746
2016-07-25,0,2355
2016-07-25,1,14136
2016-07-26,0,4778
2016-07-26,1,20861
2016-07-27,0,5364
2016-07-27,1,21724
2016-07-28,0,5777
2016-07-28,1,21104
2016-07-29,0,6417
2016-07-29,1,19775
2016-07-30,0,10700
2016-07-30,1,15117
2016-07-31,0,15706
2016-07-31,1,14201
2016-08-01,0,6096
2016-08-01,1,18576
2016-08-02,0,5337
2016-08-02,1,20795
2016-08-03,0,4955
2016-08-03,1,20722
2016-08-04,0,4979
2016-08-04,1,19721
2016-08-05,0,5331
2016-08-05,1,18711
2016-08-06,0,7775
2016-08-06,1,13773
2016-08-07,0,6991
2016-08-07,1,12489
2016-08-08,0,5127
2016-08-08,1,19092
2016-08-09,0,5166
2016-08-09,1,21115
2016-08-10,0,4868
2016-08-10,1,20572
2016-08-11,0,5230
2016-08-11,1,20384
2016-08-12,0,3518
2016-08-12,1,14120
2016-08-13,0,2115
2016-08-13,1,6490
2016-08-14,0,4419
2016-08-14,1,10446
2016-08-15,0,4917
2016-08-15,1,19620
2016-08-16,0,2027
2016-08-16,1,10364
2016-08-17,0,4549
2016-08-17,1,20100
2016-08-18,0,4841
2016-08-18,1,20840
2016-08-19,0,5939
2016-08-19,1,19946
2016-08-20,0,8313
2016-08-20,1,13650
2016-08-21,0,2742
2016-08-21,1,6433
2016-08-22,0,3951
2016-08-22,1,18161
2016-08-23,0,4467
2016-08-23,1,20491
2016-08-24,0,4822
2016-08-24,1,20705
2016-08-25,0,3196
2016-08-25,1,17234
2016-08-26,0,5834
2016-08-26,1,20095
2016-08-27,0,8301
2016-08-27,1,14249
2016-08-28,0,9714
2016-08-28,1,11868
2016-08-29,0,4475
2016-08-29,1,19512
2016-08-30,0,4197
2016-08-30,1,20127
2016-08-31,0,3752
2016-08-31,1,19829
2016-09-01,0,4281
2016-09-01,1,20868
2016-09-02,0,5093
2016-09-02,1,19670
2016-09-03,0,8154
2016-09-03,1,12166
2016-09-04,0,9529
2016-09-04,1,11282
2016-09-05,0,6949
2016-09-05,1,11585
2016-09-06,0,3534
2016-09-06,1,20763
2016-09-07,0,3482
2016-09-07,1,21655
2016-09-08,0,1848
2016-09-08,1,14768
2016-09-09,0,4174
2016-09-09,1,21602
2016-09-10,0,5112
2016-09-10,1,13911
2016-09-11,0,4035
2016-09-11,1,11413
2016-09-12,0,3043
2016-09-12,1,19955
2016-09-13,0,2916
2016-09-13,1,21472
2016-09-14,0,2244
2016-09-14,1,19641
2016-09-15,0,2880
2016-09-15,1,20340
2016-09-16,0,3906
2016-09-16,1,20111
2016-09-17,0,3889
2016-09-17,1,11000
2016-09-18,0,4027
2016-09-18,1,11840
2016-09-19,0,2814
2016-09-19,1,19915
2016-09-20,0,2697
2016-09-20,1,21071
2016-09-21,0,2986
2016-09-21,1,21298
2016-09-22,0,2490
2016-09-22,1,19030
2016-09-23,0,2771
2016-09-23,1,16263
2016-09-24,0,4588
2016-09-24,1,12347
2016-09-25,0,6365
2016-09-25,1,11606
2016-09-26,0,2199
2016-09-26,1,17363
2016-09-27,0,2289
2016-09-27,1,18730
2016-09-28,0,2124
2016-09-28,1,18768
2016-09-29,0,2165
2016-09-29,1,18666
2016-09-30,0,2718
2016-09-30,1,17817
2016-10-01,0,3892
2016-10-01,1,11615
2016-10-02,0,2154
2016-10-02,1,7938
2016-10-03,0,2258
2016-10-03,1,17055
2016-10-04,0,2192
2016-10-04,1,18165
2016-10-05,0,2218
2016-10-05,1,18855
2016-10-06,0,2627
2016-10-06,1,19237
2016-10-07,0,3588
2016-10-07,1,17951
2016-10-08,0,1162
2016-10-08,1,4675
2016-10-09,0,3521
2016-10-09,1,7440
2016-10-10,0,2277
2016-10-10,1,7363
2016-10-11,0,1866
2016-10-11,1,16170
2016-10-12,0,2008
2016-10-12,1,17410
2016-10-13,0,869
2016-10-13,1,12846
2016-10-14,0,1869
2016-10-14,1,15391
2016-10-15,0,3000
2016-10-15,1,10310
2016-10-16,0,772
2016-10-16,1,5169
2016-10-17,0,1365
2016-10-17,1,14769
2016-10-18,0,1276
2016-10-18,1,13139
2016-10-19,0,1886
2016-10-19,1,16822
2016-10-20,0,817
2016-10-20,1,9725
2016-10-21,0,341
2016-10-21,1,5031
2016-10-22,0,325
2016-10-22,1,2730
2016-10-23,0,675
2016-10-23,1,5702
2016-10-24,0,741
2016-10-24,1,11279
2016-10-25,0,774
2016-10-25,1,11647
2016-10-26,0,751
2016-10-26,1,11460
2016-10-27,0,599
2016-10-27,1,9071
2016-10-28,0,673
2016-10-28,1,8136
2016-10-29,0,505
2016-10-29,1,3943
2016-10-30,0,2351
2016-10-30,1,6078
2016-10-31,0,781
2016-10-31,1,10452
2016-11-01,0,830
2016-11-01,1,11014
2016-11-02,0,1170
2016-11-02,1,13272
2016-11-03,0,506
2016-11-03,1,7921
2016-11-04,0,905
2016-11-04,1,10237
2016-11-05,0,1143
2016-11-05,1,6232
2016-11-06,0,1084
2016-11-06,1,5860
2016-11-07,0,880
2016-11-07,1,10538
2016-11-08,0,1021
2016-11-08,1,12231
2016-11-09,0,748
2016-11-09,1,10849
2016-11-10,0,784
2016-11-10,1,10282
2016-11-11,0,827
2016-11-11,1,8696
2016-11-12,0,811
2016-11-12,1,5391
2016-11-13,0,1188
2016-11-13,1,5820
2016-11-14,0,797
2016-11-14,1,9967
2016-11-15,0,751
2016-11-15,1,10083
2016-11-16,0,5
2016-11-16,1,102
2017-04-15,0,3668
2017-04-15,1,7650
2017-04-16,0,944
2017-04-16,1,3013
2017-04-17,0,1157
2017-04-17,1,6879
2017-04-18,0,1374
2017-04-18,1,11887
2017-04-19,0,407
2017-04-19,1,6205
2017-04-20,0,1154
2017-04-20,1,11367
2017-04-21,0,704
2017-04-21,1,7405
2017-04-22,0,1523
2017-04-22,1,8397
2017-04-23,0,4296
2017-04-23,1,11440
2017-04-24,0,1372
2017-04-24,1,12025
2017-04-25,0,850
2017-04-25,1,9645
2017-04-26,0,1298
2017-04-26,1,12192
2017-04-27,0,3382
2017-04-27,1,17970
2017-04-28,0,3620
2017-04-28,1,17482
2017-04-29,0,5326
2017-04-29,1,13748
2017-04-30,0,1376
2017-04-30,1,6571
2017-05-01,0,207
2017-05-01,1,3663
2017-05-02,0,1726
2017-05-02,1,15348
2017-05-03,0,1472
2017-05-03,1,15788
2017-05-04,0,2559
2017-05-04,1,18288
2017-05-05,0,415
2017-05-05,1,5450
2017-05-06,0,3079
2017-05-06,1,11042
2017-05-07,0,1579
2017-05-07,1,7933
2017-05-08,0,867
2017-05-08,1,12601
2017-05-09,0,1081
2017-05-09,1,14581
2017-05-10,0,1445
2017-05-10,1,16943
2017-05-11,0,1755
2017-05-11,1,17358
2017-05-12,0,3437
2017-05-12,1,20153
2017-05-13,0,3873
2017-05-13,1,13366
2017-05-14,0,1221
2017-05-14,1,7065
2017-05-15,0,2283
2017-05-15,1,18350
2017-05-16,0,3851
2017-05-16,1,22789
2017-05-17,0,4642
2017-05-17,1,23971
2017-05-18,0,4157
2017-05-18,1,22404
2017-05-19,0,4225
2017-05-19,1,20685
2017-05-20,0,8132
2017-05-20,1,15545
2017-05-21,0,7062
2017-05-21,1,13313
2017-05-22,0,1293
2017-05-22,1,6668
2017-05-23,0,3619
2017-05-23,1,21860
2017-05-24,0,3787
2017-05-24,1,23485
2017-05-25,0,2064
2017-05-25,1,15247
2017-05-26,0,1679
2017-05-26,1,14238
2017-05-27,0,8950
2017-05-27,1,18009
2017-05-28,0,19596
2017-05-28,1,18439
2017-05-29,0,1294
2017-05-29,1,11410
2017-05-30,0,1691
2017-05-30,1,16303
2017-05-31,0,3214
2017-05-31,1,21302
2017-06-01,0,3234
2017-06-01,1,22847
2017-06-02,0,2489
2017-06-02,1,18056
2017-06-03,0,4713
2017-06-03,1,14862
2017-06-04,0,6938
2017-06-04,1,16646
2017-06-05,0,750
2017-06-05,1,8385
2017-06-06,0,1454
2017-06-06,1,14874
2017-06-07,0,4373
2017-06-07,1,26047
2017-06-08,0,5189
2017-06-08,1,26582
2017-06-09,0,5334
2017-06-09,1,24732
2017-06-10,0,9195
2017-06-10,1,20604
2017-06-11,0,7316
2017-06-11,1,17851
2017-06-12,0,3931
2017-06-12,1,23048
2017-06-13,0,4218
2017-06-13,1,26520
2017-06-14,0,4318
2017-06-14,1,26434
2017-06-15,0,4742
2017-06-15,1,26973
2017-06-16,0,2784
2017-06-16,1,15643
2017-06-17,0,8169
2017-06-17,1,19739
2017-06-18,0,6637
2017-06-18,1,17658
2017-06-19,0,3565
2017-06-19,1,22540
2017-06-20,0,3469
2017-06-20,1,19930
2017-06-21,0,3867
2017-06-21,1,23788
2017-06-22,0,4777
2017-06-22,1,25830
2017-06-23,0,2822
2017-06-23,1,13201
2017-06-24,0,9287
2017-06-24,1,15808
2017-06-25,0,11464
2017-06-25,1,14914
2017-06-26,0,5055
2017-06-26,1,21959
2017-06-27,0,3360
2017-06-27,1,21590
2017-06-28,0,3834
2017-06-28,1,23769
2017-06-29,0,2470
2017-06-29,1,17842
2017-06-30,0,3695
2017-06-30,1,15957
2017-07-01,0,4912
2017-07-01,1,11250
2017-07-02,0,9123
2017-07-02,1,15258
2017-07-03,0,8724
2017-07-03,1,21922
2017-07-04,0,6372
2017-07-04,1,27244
2017-07-05,0,6078
2017-07-05,1,28362
2017-07-06,0,5624
2017-07-06,1,27313
2017-07-07,0,5252
2017-07-07,1,22465
2017-07-08,0,7158
2017-07-08,1,16772
2017-07-09,0,7705
2017-07-09,1,18200
2017-07-10,0,4172
2017-07-10,1,22081
2017-07-11,0,4339
2017-07-11,1,26042
2017-07-12,0,3749
2017-07-12,1,24684
2017-07-13,0,4526
2017-07-13,1,24202
2017-07-14,0,3009
2017-07-14,1,18424
2017-07-15,0,8300
2017-07-15,1,18461
2017-07-16,0,7570
2017-07-16,1,17425
2017-07-17,0,3784
2017-07-17,1,22472
2017-07-18,0,5363
2017-07-18,1,27449
2017-07-19,0,4374
2017-07-19,1,25248
2017-07-20,0,4822
2017-07-20,1,25805
2017-07-21,0,5446
2017-07-21,1,23497
2017-07-22,0,10268
2017-07-22,1,20072
2017-07-23,0,9344
2017-07-23,1,18215
2017-07-24,0,953
2017-07-24,1,9653
2017-07-25,0,4428
2017-07-25,1,23762
2017-07-26,0,5330
2017-07-26,1,25310
2017-07-27,0,4697
2017-07-27,1,24376
2017-07-28,0,7114
2017-07-28,1,25465
2017-07-29,0,17565
2017-07-29,1,19734
2017-07-30,0,22246
2017-07-30,1,18195
2017-07-31,0,4421
2017-07-31,1,21212
2017-08-01,0,5719
2017-08-01,1,25834
2017-08-02,0,5709
2017-08-02,1,25162
2017-08-03,0,6220
2017-08-03,1,25757
2017-08-04,0,4261
2017-08-04,1,18085
2017-08-05,0,6594
2017-08-05,1,14078
2017-08-06,0,8413
2017-08-06,1,15530
2017-08-07,0,5266
2017-08-07,1,21934
2017-08-08,0,5814
2017-08-08,1,25795
2017-08-09,0,5792
2017-08-09,1,25934
2017-08-10,0,5591
2017-08-10,1,25735
2017-08-11,0,6526
2017-08-11,1,24579
2017-08-12,0,7489
2017-08-12,1,15298
2017-08-13,0,8813
2017-08-13,1,17695
2017-08-14,0,5710
2017-08-14,1,23956
2017-08-15,0,4355
2017-08-15,1,19711
2017-08-16,0,5446
2017-08-16,1,26019
2017-08-17,0,5693
2017-08-17,1,25626
2017-08-18,0,3618
2017-08-18,1,16124
2017-08-19,0,9025
2017-08-19,1,17837
2017-08-20,0,8685
2017-08-20,1,16945
2017-08-21,0,5461
2017-08-21,1,23189
2017-08-22,0,2624
2017-08-22,1,18058
2017-08-23,0,4255
2017-08-23,1,24079
2017-08-24,0,4749
2017-08-24,1,24596
2017-08-25,0,5959
2017-08-25,1,23516
2017-08-26,0,7818
2017-08-26,1,16091
2017-08-27,0,13173
2017-08-27,1,16877
2017-08-28,0,5045
2017-08-28,1,23797
2017-08-29,0,5146
2017-08-29,1,25009
2017-08-30,0,5159
2017-08-30,1,25711
2017-08-31,0,3698
2017-08-31,1,23088
2017-09-01,0,3950
2017-09-01,1,20974
2017-09-02,0,8935
2017-09-02,1,15213
2017-09-03,0,926
2017-09-03,1,3732
2017-09-04,0,3904
2017-09-04,1,10898
2017-09-05,0,2757
2017-09-05,1,22312
2017-09-06,0,2507
2017-09-06,1,22651
2017-09-07,0,1853
2017-09-07,1,17566
2017-09-08,0,3377
2017-09-08,1,22247
2017-09-09,0,5619
2017-09-09,1,15813
2017-09-10,0,5874
2017-09-10,1,15417
2017-09-11,0,3517
2017-09-11,1,23485
2017-09-12,0,3528
2017-09-12,1,24973
2017-09-13,0,3716
2017-09-13,1,25676
2017-09-14,0,3947
2017-09-14,1,25972
2017-09-15,0,4888
2017-09-15,1,25408
2017-09-16,0,7924
2017-09-16,1,18288
2017-09-17,0,6731
2017-09-17,1,16684
2017-09-18,0,3376
2017-09-18,1,23885
2017-09-19,0,3427
2017-09-19,1,25517
2017-09-20,0,3143
2017-09-20,1,25720
2017-09-21,0,3692
2017-09-21,1,25950
2017-09-22,0,5038
2017-09-22,1,24864
2017-09-23,0,7908
2017-09-23,1,18019
2017-09-24,0,10084
2017-09-24,1,16389
2017-09-25,0,3188
2017-09-25,1,23092
2017-09-26,0,3182
2017-09-26,1,24707
2017-09-27,0,2540
2017-09-27,1,21643
2017-09-28,0,2767
2017-09-28,1,23837
2017-09-29,0,2988
2017-09-29,1,22074
2017-09-30,0,4704
2017-09-30,1,14637
2017-10-01,0,4120
2017-10-01,1,13195
2017-10-02,0,2889
2017-10-02,1,22103
2017-10-03,0,2746
2017-10-03,1,23308
2017-10-04,0,1891
2017-10-04,1,19219
2017-10-05,0,2494
2017-10-05,1,22452
2017-10-06,0,3612
2017-10-06,1,21426
2017-10-07,0,3266
2017-10-07,1,10072
2017-10-08,0,4519
2017-10-08,1,10539
2017-10-09,0,798
2017-10-09,1,4286
2017-10-10,0,2518
2017-10-10,1,21430
2017-10-11,0,1885
2017-10-11,1,19685
2017-10-12,0,2367
2017-10-12,1,20267
2017-10-13,0,2999
2017-10-13,1,19845
2017-10-14,0,3660
2017-10-14,1,13047
2017-10-15,0,1772
2017-10-15,1,8670
2017-10-16,0,1243
2017-10-16,1,16192
2017-10-17,0,1329
2017-10-17,1,17714
2017-10-18,0,2091
2017-10-18,1,20047
2017-10-19,0,2227
2017-10-19,1,19891
2017-10-20,0,3111
2017-10-20,1,19508
2017-10-21,0,5091
2017-10-21,1,13969
2017-10-22,0,4408
2017-10-22,1,12517
2017-10-23,0,2621
2017-10-23,1,18942
2017-10-24,0,908
2017-10-24,1,10975
2017-10-25,0,2403
2017-10-25,1,19400
2017-10-26,0,1008
2017-10-26,1,12577
2017-10-27,0,2141
2017-10-27,1,17045
2017-10-28,0,4049
2017-10-28,1,13000
2017-10-29,0,1379
2017-10-29,1,4842
2017-10-30,0,717
2017-10-30,1,11936
2017-10-31,0,1106
2017-10-31,1,14463
2017-11-01,0,1081
2017-11-01,1,13716
2017-11-02,0,464
2017-11-02,1,6690
2017-11-03,0,1433
2017-11-03,1,12711
2017-11-04,0,1887
2017-11-04,1,8819
2017-11-05,0,491
2017-11-05,1,4460
2017-11-06,0,808
2017-11-06,1,11143
2017-11-07,0,742
2017-11-07,1,12246
2017-11-08,0,689
2017-11-08,1,12296
2017-11-09,0,756
2017-11-09,1,11865
2017-11-10,0,365
2017-11-10,1,6874
2017-11-11,0,505
2017-11-11,1,5170
2017-11-12,0,688
2017-11-12,1,5103
2017-11-13,0,455
2017-11-13,1,8843
2017-11-14,0,468
2017-11-14,1,9948
2017-11-15,0,599
2017-11-15,1,10236
2017-11-16,0,13
2017-11-16,1,164
2018-04-10,0,215
2018-04-10,1,2847
2018-04-11,0,715
2018-04-11,1,8884
2018-04-12,0,609
2018-04-12,1,9002
2018-04-13,0,1157
2018-04-13,1,11581
2018-04-14,0,751
2018-04-14,1,6103
2018-04-15,0,281
2018-04-15,1,3326
2018-04-16,0,78
2018-04-16,1,2606
2018-04-17,0,194
2018-04-17,1,6052
2018-04-18,0,450
2018-04-18,1,9046
2018-04-19,0,581
2018-04-19,1,10421
2018-04-20,0,1080
2018-04-20,1,11964
2018-04-21,0,3603
2018-04-21,1,12642
2018-04-22,0,4578
2018-04-22,1,13134
2018-04-23,0,2760
2018-04-23,1,18509
2018-04-24,0,2941
2018-04-24,1,20608
2018-04-25,0,645
2018-04-25,1,7565
2018-04-26,0,464
2018-04-26,1,6881
2018-04-27,0,2666
2018-04-27,1,17821
2018-04-28,0,4351
2018-04-28,1,13049
2018-04-29,0,858
2018-04-29,1,3991
2018-04-30,0,1030
2018-04-30,1,10943
2018-05-01,0,2950
2018-05-01,1,20321
2018-05-02,0,3090
2018-05-02,1,21481
2018-05-03,0,1126
2018-05-03,1,12120
2018-05-04,0,1449
2018-05-04,1,14862
2018-05-05,0,7007
2018-05-05,1,17898
2018-05-06,0,6621
2018-05-06,1,17342
2018-05-07,0,3290
2018-05-07,1,22376
2018-05-08,0,4389
2018-05-08,1,26243
2018-05-09,0,4667
2018-05-09,1,27067
2018-05-10,0,2083
2018-05-10,1,20959
2018-05-11,0,3351
2018-05-11,1,21813
2018-05-12,0,7039
2018-05-12,1,19127
2018-05-13,0,6844
2018-05-13,1,17395
2018-05-14,0,3694
2018-05-14,1,25412
2018-05-15,0,2058
2018-05-15,1,20768
2018-05-16,0,3710
2018-05-16,1,26949
2018-05-17,0,3426
2018-05-17,1,25409
2018-05-18,0,4441
2018-05-18,1,24712
2018-05-19,0,3623
2018-05-19,1,10874
2018-05-20,0,6943
2018-05-20,1,14555
2018-05-21,0,7451
2018-05-21,1,18599
2018-05-22,0,1867
2018-05-22,1,19754
2018-05-23,0,3352
2018-05-23,1,27068
2018-05-24,0,4103
2018-05-24,1,27867
2018-05-25,0,4869
2018-05-25,1,26446
2018-05-26,0,6452
2018-05-26,1,17708
2018-05-27,0,10791
2018-05-27,1,14788
2018-05-28,0,3439
2018-05-28,1,24107
2018-05-29,0,4563
2018-05-29,1,30119
2018-05-30,0,4568
2018-05-30,1,30575
2018-05-31,0,4349
2018-05-31,1,29591
2018-06-01,0,5706
2018-06-01,1,29100
2018-06-02,0,10425
2018-06-02,1,25096
2018-06-03,0,9366
2018-06-03,1,22642
2018-06-04,0,515
2018-06-04,1,8500
2018-06-05,0,2325
2018-06-05,1,24910
2018-06-06,0,3272
2018-06-06,1,27221
2018-06-07,0,3876
2018-06-07,1,28904
2018-06-08,0,6290
2018-06-08,1,30364
2018-06-09,0,11023
2018-06-09,1,24425
2018-06-10,0,8418
2018-06-10,1,21405
2018-06-11,0,4686
2018-06-11,1,28570
2018-06-12,0,4494
2018-06-12,1,30573
2018-06-13,0,2424
2018-06-13,1,22450
2018-06-14,0,1523
2018-06-14,1,18302
2018-06-15,0,5559
2018-06-15,1,29577
2018-06-16,0,9000
2018-06-16,1,23576
2018-06-17,0,7354
2018-06-17,1,20356
2018-06-18,0,2146
2018-06-18,1,19846
2018-06-19,0,4274
2018-06-19,1,30566
2018-06-20,0,3426
2018-06-20,1,27343
2018-06-21,0,4401
2018-06-21,1,30337
2018-06-22,0,5512
2018-06-22,1,28606
2018-06-23,0,5342
2018-06-23,1,15386
2018-06-24,0,6987
2018-06-24,1,10099
2018-06-25,0,6255
2018-06-25,1,19465
2018-06-26,0,4316
2018-06-26,1,28453
2018-06-27,0,3691
2018-06-27,1,27898
2018-06-28,0,3766
2018-06-28,1,27680
2018-06-29,0,5841
2018-06-29,1,28483
2018-06-30,0,7428
2018-06-30,1,18696
2018-07-01,0,7022
2018-07-01,1,14964
2018-07-02,0,4595
2018-07-02,1,16227
2018-07-03,0,4577
2018-07-03,1,26838
2018-07-04,0,4725
2018-07-04,1,28012
2018-07-05,0,4526
2018-07-05,1,27252
2018-07-06,0,6786
2018-07-06,1,28903
2018-07-07,0,9683
2018-07-07,1,22577
2018-07-08,0,7559
2018-07-08,1,19824
2018-07-09,0,4120
2018-07-09,1,27497
2018-07-10,0,4349
2018-07-10,1,29658
2018-07-11,0,4759
2018-07-11,1,30696
2018-07-12,0,4518
2018-07-12,1,30791
2018-07-13,0,5986
2018-07-13,1,29194
2018-07-14,0,8778
2018-07-14,1,21521
2018-07-15,0,7490
2018-07-15,1,21023
2018-07-16,0,4504
2018-07-16,1,27595
2018-07-17,0,4445
2018-07-17,1,27060
2018-07-18,0,4946
2018-07-18,1,31664
2018-07-19,0,4873
2018-07-19,1,30906
2018-07-20,0,5637
2018-07-20,1,29010
2018-07-21,0,9188
2018-07-21,1,21914
2018-07-22,0,4162
2018-07-22,1,13427
2018-07-23,0,4230
2018-07-23,1,25572
2018-07-24,0,3752
2018-07-24,1,24294
2018-07-25,0,1616
2018-07-25,1,13699
2018-07-26,0,4497
2018-07-26,1,26559
2018-07-27,0,5976
2018-07-27,1,27944
2018-07-28,0,9322
2018-07-28,1,20483
2018-07-29,0,14701
2018-07-29,1,19797
2018-07-30,0,5083
2018-07-30,1,27167
2018-07-31,0,5473
2018-07-31,1,29085
2018-08-01,0,4608
2018-08-01,1,27916
2018-08-02,0,5917
2018-08-02,1,29025
2018-08-03,0,6651
2018-08-03,1,27377
2018-08-04,0,8262
2018-08-04,1,17733
2018-08-05,0,9726
2018-08-05,1,19012
2018-08-06,0,5169
2018-08-06,1,23510
2018-08-07,0,4082
2018-08-07,1,23688
2018-08-08,0,4320
2018-08-08,1,24040
2018-08-09,0,5339
2018-08-09,1,27716
2018-08-10,0,6988
2018-08-10,1,27993
2018-08-11,0,9775
2018-08-11,1,20575
2018-08-12,0,8562
2018-08-12,1,18548
2018-08-13,0,5080
2018-08-13,1,26399
2018-08-14,0,5043
2018-08-14,1,27826
2018-08-15,0,4890
2018-08-15,1,27912
2018-08-16,0,6055
2018-08-16,1,29434
2018-08-17,0,3037
2018-08-17,1,19698
2018-08-18,0,10534
2018-08-18,1,20788
2018-08-19,0,9216
2018-08-19,1,19397
2018-08-20,0,5396
2018-08-20,1,27003
2018-08-21,0,4910
2018-08-21,1,27198
2018-08-22,0,3174
2018-08-22,1,23004
2018-08-23,0,5768
2018-08-23,1,29222
2018-08-24,0,6893
2018-08-24,1,28281
2018-08-25,0,9973
2018-08-25,1,20140
2018-08-26,0,8237
2018-08-26,1,13607
2018-08-27,0,5208
2018-08-27,1,26527
2018-08-28,0,4449
2018-08-28,1,26140
2018-08-29,0,4129
2018-08-29,1,27352
2018-08-30,0,5330
2018-08-30,1,28782
2018-08-31,0,6919
2018-08-31,1,27307
2018-09-01,0,9917
2018-09-01,1,17377
2018-09-02,0,5060
2018-09-02,1,11013
2018-09-03,0,4785
2018-09-03,1,12792
2018-09-04,0,4740
2018-09-04,1,29472
2018-09-05,0,3941
2018-09-05,1,29326
2018-09-06,0,4388
2018-09-06,1,30153
2018-09-07,0,5673
2018-09-07,1,29688
2018-09-08,0,7133
2018-09-08,1,19864
2018-09-09,0,5377
2018-09-09,1,17559
2018-09-10,0,2447
2018-09-10,1,22249
2018-09-11,0,2352
2018-09-11,1,21079
2018-09-12,0,3599
2018-09-12,1,29407
2018-09-13,0,4246
2018-09-13,1,30485
2018-09-14,0,5127
2018-09-14,1,29809
2018-09-15,0,7750
2018-09-15,1,20885
2018-09-16,0,7198
2018-09-16,1,19019
2018-09-17,0,3890
2018-09-17,1,28267
2018-09-18,0,2904
2018-09-18,1,27602
2018-09-19,0,2670
2018-09-19,1,26515
2018-09-20,0,2947
2018-09-20,1,26715
2018-09-21,0,1785
2018-09-21,1,15585
2018-09-22,0,5693
2018-09-22,1,18071
2018-09-23,0,4295
2018-09-23,1,15314
2018-09-24,0,2269
2018-09-24,1,22864
2018-09-25,0,851
2018-09-25,1,16055
2018-09-26,0,1455
2018-09-26,1,19092
2018-09-27,0,3284
2018-09-27,1,26090
2018-09-28,0,4059
2018-09-28,1,25538
2018-09-29,0,4531
2018-09-29,1,15958
2018-09-30,0,6003
2018-09-30,1,13308
2018-10-01,0,2372
2018-10-01,1,22164
2018-10-02,0,837
2018-10-02,1,11202
2018-10-03,0,1793
2018-10-03,1,21317
2018-10-04,0,1862
2018-10-04,1,20830
2018-10-05,0,2508
2018-10-05,1,19983
2018-10-06,0,2637
2018-10-06,1,10839
2018-10-07,0,3109
2018-10-07,1,9380
2018-10-08,0,1502
2018-10-08,1,6989
2018-10-09,0,2922
2018-10-09,1,22614
2018-10-10,0,1501
2018-10-10,1,17833
2018-10-11,0,949
2018-10-11,1,12993
2018-10-12,0,2081
2018-10-12,1,19268
2018-10-13,0,2438
2018-10-13,1,11640
2018-10-14,0,2751
2018-10-14,1,11825
2018-10-15,0,887
2018-10-15,1,12718
2018-10-16,0,1242
2018-10-16,1,17481
2018-10-17,0,1180
2018-10-17,1,16694
2018-10-18,0,1105
2018-10-18,1,15542
2018-10-19,0,2359
2018-10-19,1,18581
2018-10-20,0,2498
2018-10-20,1,11073
2018-10-21,0,1342
2018-10-21,1,8559
2018-10-22,0,1202
2018-10-22,1,15127
2018-10-23,0,1154
2018-10-23,1,16191
2018-10-24,0,979
2018-10-24,1,13589
2018-10-25,0,984
2018-10-25,1,14845
2018-10-26,0,1446
2018-10-26,1,15000
2018-10-27,0,917
2018-10-27,1,7309
2018-10-28,0,938
2018-10-28,1,4545
2018-10-29,0,501
2018-10-29,1,9966
2018-10-30,0,814
2018-10-30,1,14231
2018-10-31,0,419
2018-10-31,1,8933
2018-11-01,0,945
2018-11-01,1,13926
2018-11-02,0,686
2018-11-02,1,9689
2018-11-03,0,516
2018-11-03,1,4366
2018-11-04,0,1426
2018-11-04,1,8184
2018-11-05,0,456
2018-11-05,1,9795
2018-11-06,0,479
2018-11-06,1,9896
2018-11-07,0,834
2018-11-07,1,13351
2018-11-08,0,915
2018-11-08,1,13373
2018-11-09,0,627
2018-11-09,1,9383
2018-11-10,0,708
2018-11-10,1,5783
2018-11-11,0,566
2018-11-11,1,5474
2018-11-12,0,559
2018-11-12,1,10213
2018-11-13,0,342
2018-11-13,1,6963
2018-11-14,0,252
2018-11-14,1,6930
2018-11-15,0,335
2018-11-15,1,7271
2018-11-16,0,6
2018-11-16,1,99
2019-04-14,0,3233
2019-04-14,1,5910
2019-04-15,0,375
2019-04-15,1,6935
2019-04-16,0,895
2019-04-16,1,12777
2019-04-17,0,2542
2019-04-17,1,17184
2019-04-18,0,1145
2019-04-18,1,12360
2019-04-19,0,462
2019-04-19,1,4211
2019-04-20,0,831
2019-04-20,1,5773
2019-04-21,0,5597
2019-04-21,1,10709
2019-04-22,0,5477
2019-04-22,1,15877
2019-04-23,0,2644
2019-04-23,1,18253
2019-04-24,0,812
2019-04-24,1,9812
2019-04-25,0,2063
2019-04-25,1,18092
2019-04-26,0,558
2019-04-26,1,7621
2019-04-27,0,768
2019-04-27,1,6750
2019-04-28,0,2562
2019-04-28,1,11630
2019-04-29,0,2111
2019-04-29,1,18208
2019-04-30,0,2631
2019-04-30,1,20734
2019-05-01,0,1325
2019-05-01,1,15224
2019-05-02,0,1549
2019-05-02,1,17805
2019-05-03,0,1095
2019-05-03,1,13407
2019-05-04,0,6780
2019-05-04,1,18729
2019-05-05,0,8780
2019-05-05,1,20343
2019-05-06,0,4561
2019-05-06,1,26628
2019-05-07,0,3113
2019-05-07,1,25403
2019-05-08,0,3267
2019-05-08,1,25660
2019-05-09,0,2374
2019-05-09,1,22377
2019-05-10,0,1224
2019-05-10,1,12081
2019-05-11,0,4587
2019-05-11,1,17850
2019-05-12,0,5500
2019-05-12,1,17512
2019-05-13,0,2107
2019-05-13,1,21608
2019-05-14,0,902
2019-05-14,1,13891
2019-05-15,0,2855
2019-05-15,1,25625
2019-05-16,0,4166
2019-05-16,1,26840
2019-05-17,0,2832
2019-05-17,1,20674
2019-05-18,0,6670
2019-05-18,1,16750
2019-05-19,0,5224
2019-05-19,1,13914
2019-05-20,0,5160
2019-05-20,1,16164
2019-05-21,0,2515
2019-05-21,1,24067
2019-05-22,0,4255
2019-05-22,1,29014
2019-05-23,0,2152
2019-05-23,1,18272
2019-05-24,0,4196
2019-05-24,1,25457
2019-05-25,0,5997
2019-05-25,1,17968
2019-05-26,0,22016
2019-05-26,1,20862
2019-05-27,0,4004
2019-05-27,1,26219
2019-05-28,0,2026
2019-05-28,1,21683
2019-05-29,0,3593
2019-05-29,1,27726
2019-05-30,0,4034
2019-05-30,1,28258
2019-05-31,0,5299
2019-05-31,1,28154
2019-06-01,0,8534
2019-06-01,1,21689
2019-06-02,0,3443
2019-06-02,1,12525
2019-06-03,0,2387
2019-06-03,1,23967
2019-06-04,0,2858
2019-06-04,1,26140
2019-06-05,0,3129
2019-06-05,1,26963
2019-06-06,0,5627
2019-06-06,1,32822
2019-06-07,0,7262
2019-06-07,1,31861
2019-06-08,0,12208
2019-06-08,1,25197
2019-06-09,0,10393
2019-06-09,1,23152
2019-06-10,0,5018
2019-06-10,1,29719
2019-06-11,0,3098
2019-06-11,1,24758
2019-06-12,0,5201
2019-06-12,1,32420
2019-06-13,0,3184
2019-06-13,1,26909
2019-06-14,0,3139
2019-06-14,1,21181
2019-06-15,0,3154
2019-06-15,1,13117
2019-06-16,0,8072
2019-06-16,1,21094
2019-06-17,0,4925
2019-06-17,1,30700
2019-06-18,0,5051
2019-06-18,1,32991
2019-06-19,0,5303
2019-06-19,1,33325
2019-06-20,0,1849
2019-06-20,1,19323
2019-06-21,0,6085
2019-06-21,1,30293
2019-06-22,0,9696
2019-06-22,1,21564
2019-06-23,0,9231
2019-06-23,1,20250
2019-06-24,0,9337
2019-06-24,1,19664
2019-06-25,0,2556
2019-06-25,1,21057
2019-06-26,0,4904
2019-06-26,1,30418
2019-06-27,0,6227
2019-06-27,1,32270
2019-06-28,0,6771
2019-06-28,1,29640
2019-06-29,0,8029
2019-06-29,1,18353
2019-06-30,0,15691
2019-06-30,1,17685
2019-07-01,0,10840
2019-07-01,1,21244
2019-07-02,0,6656
2019-07-02,1,33732
2019-07-03,0,6639
2019-07-03,1,34424
2019-07-04,0,7054
2019-07-04,1,33340
2019-07-05,0,7024
2019-07-05,1,28579
2019-07-06,0,10842
2019-07-06,1,22736
2019-07-07,0,9448
2019-07-07,1,23463
2019-07-08,0,5330
2019-07-08,1,31405
2019-07-09,0,5524
2019-07-09,1,33692
2019-07-10,0,5944
2019-07-10,1,34708
2019-07-11,0,2395
2019-07-11,1,19271
2019-07-12,0,5615
2019-07-12,1,31242
2019-07-13,0,8785
2019-07-13,1,22379
2019-07-14,0,7847
2019-07-14,1,20444
2019-07-15,0,5142
2019-07-15,1,30782
2019-07-16,0,4889
2019-07-16,1,31585
2019-07-17,0,5454
2019-07-17,1,33512
2019-07-18,0,6277
2019-07-18,1,34335
2019-07-19,0,6041
2019-07-19,1,29232
2019-07-20,0,8248
2019-07-20,1,21099
2019-07-21,0,7346
2019-07-21,1,20406
2019-07-22,0,5089
2019-07-22,1,29436
2019-07-23,0,5202
2019-07-23,1,32224
2019-07-24,0,6087
2019-07-24,1,33520
2019-07-25,0,6574
2019-07-25,1,33711
2019-07-26,0,7309
2019-07-26,1,31542
2019-07-27,0,10849
2019-07-27,1,23416
2019-07-28,0,16017
2019-07-28,1,20528
2019-07-29,0,5382
2019-07-29,1,29350
2019-07-30,0,4458
2019-07-30,1,29331
2019-07-31,0,5678
2019-07-31,1,32193
2019-08-01,0,6739
2019-08-01,1,33093
2019-08-02,0,7945
2019-08-02,1,31091
2019-08-03,0,11152
2019-08-03,1,22188
2019-08-04,0,11494
2019-08-04,1,21329
2019-08-05,0,6831
2019-08-05,1,29989
2019-08-06,0,5834
2019-08-06,1,31020
2019-08-07,0,4297
2019-08-07,1,28136
2019-08-08,0,5907
2019-08-08,1,28393
2019-08-09,0,5848
2019-08-09,1,27387
2019-08-10,0,7499
2019-08-10,1,19092
2019-08-11,0,9255
2019-08-11,1,20677
2019-08-12,0,4969
2019-08-12,1,23753
2019-08-13,0,5294
2019-08-13,1,30933
2019-08-14,0,5832
2019-08-14,1,30953
2019-08-15,0,6718
2019-08-15,1,31555
2019-08-16,0,7532
2019-08-16,1,29406
2019-08-17,0,9102
2019-08-17,1,20325
2019-08-18,0,9309
2019-08-18,1,20474
2019-08-19,0,5587
2019-08-19,1,27647
2019-08-20,0,6356
2019-08-20,1,31703
2019-08-21,0,4275
2019-08-21,1,27923
2019-08-22,0,6205
2019-08-22,1,31226
2019-08-23,0,6450
2019-08-23,1,29570
2019-08-24,0,9277
2019-08-24,1,21260
2019-08-25,0,16371
2019-08-25,1,21342
2019-08-26,0,5967
2019-08-26,1,29555
2019-08-27,0,5924
2019-08-27,1,31551
2019-08-28,0,1806
2019-08-28,1,16905
2019-08-29,0,5665
2019-08-29,1,31694
2019-08-30,0,6260
2019-08-30,1,25159
2019-08-31,0,9399
2019-08-31,1,19157
2019-09-01,0,10865
2019-09-01,1,18695
2019-09-02,0,3095
2019-09-02,1,11436
2019-09-03,0,4311
2019-09-03,1,30661
2019-09-04,0,3625
2019-09-04,1,25233
2019-09-05,0,4716
2019-09-05,1,32217
2019-09-06,0,5093
2019-09-06,1,30265
2019-09-07,0,4397
2019-09-07,1,15528
2019-09-08,0,4850
2019-09-08,1,17644
2019-09-09,0,3467
2019-09-09,1,28077
2019-09-10,0,2455
2019-09-10,1,24117
2019-09-11,0,3038
2019-09-11,1,28482
2019-09-12,0,4150
2019-09-12,1,30684
2019-09-13,0,4873
2019-09-13,1,29441
2019-09-14,0,5490
2019-09-14,1,18244
2019-09-15,0,5331
2019-09-15,1,18193
2019-09-16,0,3474
2019-09-16,1,28329
2019-09-17,0,3719
2019-09-17,1,30079
2019-09-18,0,3733
2019-09-18,1,30016
2019-09-19,0,4139
2019-09-19,1,30362
2019-09-20,0,5236
2019-09-20,1,29973
2019-09-21,0,8794
2019-09-21,1,22531
2019-09-22,0,6419
2019-09-22,1,19000
2019-09-23,0,1969
2019-09-23,1,18778
2019-09-24,0,2647
2019-09-24,1,27450
2019-09-25,0,3495
2019-09-25,1,28534
2019-09-26,0,2043
2019-09-26,1,22068
2019-09-27,0,10961
2019-09-27,1,29397
2019-09-28,0,2610
2019-09-28,1,12153
2019-09-29,0,10059
2019-09-29,1,17384
2019-09-30,0,2467
2019-09-30,1,24453
2019-10-01,0,831
2019-10-01,1,13186
2019-10-02,0,2233
2019-10-02,1,24314
2019-10-03,0,1974
2019-10-03,1,22568
2019-10-04,0,2383
2019-10-04,1,21439
2019-10-05,0,4133
2019-10-05,1,15480
2019-10-06,0,2678
2019-10-06,1,12866
2019-10-07,0,1644
2019-10-07,1,16645
2019-10-08,0,2834
2019-10-08,1,25392
2019-10-09,0,2605
2019-10-09,1,24125
2019-10-10,0,2783
2019-10-10,1,24978
2019-10-11,0,3681
2019-10-11,1,23561
2019-10-12,0,4646
2019-10-12,1,13427
2019-10-13,0,4938
2019-10-13,1,12941
2019-10-14,0,2638
2019-10-14,1,11096
2019-10-15,0,2420
2019-10-15,1,22408
2019-10-16,0,1881
2019-10-16,1,20489
2019-10-17,0,321
2019-10-17,1,5295
2019-10-18,0,1925
2019-10-18,1,19293
2019-10-19,0,3671
2019-10-19,1,14273
2019-10-20,0,3015
2019-10-20,1,11847
2019-10-21,0,2439
2019-10-21,1,21543
2019-10-22,0,1653
2019-10-22,1,16880
2019-10-23,0,2272
2019-10-23,1,20907
2019-10-24,0,1853
2019-10-24,1,19920
2019-10-25,0,2332
2019-10-25,1,20005
2019-10-26,0,3748
2019-10-26,1,14271
2019-10-27,0,920
2019-10-27,1,3474
2019-10-28,0,1631
2019-10-28,1,17874
2019-10-29,0,2228
2019-10-29,1,21168
2019-10-30,0,2042
2019-10-30,1,20983
2019-10-31,0,879
2019-10-31,1,9316
2020-04-15,0,249
2020-04-15,1,2317
2020-04-16,0,201
2020-04-16,1,2144
2020-04-17,0,339
2020-04-17,1,2462
2020-04-18,0,1626
2020-04-18,1,4609
2020-04-19,0,401
2020-04-19,1,1596
2020-04-20,0,859
2020-04-20,1,3605
2020-04-21,0,195
2020-04-21,1,1865
2020-04-22,0,179
2020-04-22,1,1746
2020-04-23,0,654
2020-04-23,1,3487
2020-04-24,0,824
2020-04-24,1,4143
2020-04-25,0,3275
2020-04-25,1,7121
2020-04-26,0,1261
2020-04-26,1,3261
2020-04-27,0,617
2020-04-27,1,3627
2020-04-28,0,1505
2020-04-28,1,5389
2020-04-29,0,2002
2020-04-29,1,6168
2020-04-30,0,365
2020-04-30,1,2338
2020-05-01,0,959
2020-05-01,1,5025
2020-05-02,0,6137
2020-05-02,1,10241
2020-05-03,0,3357
2020-05-03,1,6164
2020-05-04,0,985
2020-05-04,1,4332
2020-05-05,0,1168
2020-05-05,1,5540
2020-05-06,0,2013
2020-05-06,1,6649
2020-05-07,0,1489
2020-05-07,1,6041
2020-05-08,0,936
2020-05-08,1,4853
2020-05-09,0,1064
2020-05-09,1,4705
2020-05-10,0,1177
2020-05-10,1,4097
2020-05-11,0,930
2020-05-11,1,5041
2020-05-12,0,1351
2020-05-12,1,6175
2020-05-13,0,2162
2020-05-13,1,7791
2020-05-14,0,2858
2020-05-14,1,8575
2020-05-15,0,697
2020-05-15,1,3756
2020-05-16,0,5071
2020-05-16,1,10444
2020-05-17,0,8186
2020-05-17,1,11513
2020-05-18,0,5786
2020-05-18,1,11061
2020-05-19,0,2883
2020-05-19,1,9105
2020-05-20,0,3882
2020-05-20,1,11210
2020-05-21,0,4061
2020-05-21,1,11361
2020-05-22,0,5086
2020-05-22,1,13083
2020-05-23,0,8069
2020-05-23,1,13877
2020-05-24,0,7513
2020-05-24,1,12486
2020-05-25,0,2768
2020-05-25,1,9689
2020-05-26,0,3915
2020-05-26,1,12263
2020-05-27,0,3399
2020-05-27,1,11894
2020-05-28,0,3107
2020-05-28,1,11629
2020-05-29,0,2736
2020-05-29,1,10385
2020-05-30,0,5088
2020-05-30,1,12959
2020-05-31,0,4135
2020-05-31,1,9515
2020-06-01,0,1897
2020-06-01,1,8427
2020-06-02,0,2072
2020-06-02,1,9767
2020-06-03,0,2019
2020-06-03,1,10003
2020-06-04,0,4642
2020-06-04,1,14955
2020-06-05,0,4817
2020-06-05,1,15366
2020-06-06,0,4668
2020-06-06,1,13023
2020-06-07,0,8337
2020-06-07,1,15478
2020-06-08,0,3793
2020-06-08,1,13489
2020-06-09,0,3473
2020-06-09,1,14059
2020-06-10,0,2799
2020-06-10,1,12777
2020-06-11,0,3193
2020-06-11,1,13042
2020-06-12,0,4125
2020-06-12,1,14508
2020-06-13,0,4471
2020-06-13,1,12246
2020-06-14,0,6901
2020-06-14,1,14949
2020-06-15,0,3508
2020-06-15,1,14421
2020-06-16,0,3942
2020-06-16,1,15998
2020-06-17,0,4267
2020-06-17,1,16547
2020-06-18,0,4134
2020-06-18,1,16569
2020-06-19,0,4527
2020-06-19,1,16304
2020-06-20,0,6440
2020-06-20,1,15112
2020-06-21,0,5113
2020-06-21,1,13112
2020-06-22,0,3303
2020-06-22,1,14383
2020-06-23,0,2789
2020-06-23,1,13714
2020-06-24,0,5964
2020-06-24,1,14709
2020-06-25,0,3958
2020-06-25,1,15960
2020-06-26,0,4442
2020-06-26,1,16740
2020-06-27,0,5065
2020-06-27,1,14229
2020-06-28,0,4128
2020-06-28,1,12309
2020-06-29,0,2535
2020-06-29,1,13343
2020-06-30,0,3242
2020-06-30,1,16421
2020-07-01,0,6177
2020-07-01,1,17989
2020-07-02,0,3444
2020-07-02,1,16009
2020-07-03,0,5036
2020-07-03,1,18395
2020-07-04,0,6475
2020-07-04,1,17562
2020-07-05,0,5231
2020-07-05,1,15231
2020-07-06,0,3480
2020-07-06,1,17359
2020-07-07,0,3603
2020-07-07,1,17764
2020-07-08,0,3099
2020-07-08,1,16809
2020-07-09,0,3550
2020-07-09,1,18086
2020-07-10,0,3925
2020-07-10,1,16934
2020-07-11,0,3276
2020-07-11,1,11638
2020-07-12,0,4620
2020-07-12,1,14601
2020-07-13,0,3427
2020-07-13,1,17433
2020-07-14,0,3937
2020-07-14,1,18364
2020-07-15,0,3965
2020-07-15,1,19175
2020-07-16,0,3103
2020-07-16,1,16306
2020-07-17,0,3574
2020-07-17,1,15366
2020-07-18,0,6355
2020-07-18,1,17498
2020-07-19,0,4222
2020-07-19,1,13420
2020-07-20,0,3231
2020-07-20,1,16652
2020-07-21,0,3763
2020-07-21,1,18896
2020-07-22,0,3350
2020-07-22,1,17133
2020-07-23,0,3766
2020-07-23,1,18785
2020-07-24,0,4711
2020-07-24,1,19219
2020-07-25,0,6452
2020-07-25,1,17164
2020-07-26,0,4397
2020-07-26,1,13057
2020-07-27,0,2068
2020-07-27,1,12434
2020-07-28,0,3949
2020-07-28,1,18825
2020-07-29,0,2774
2020-07-29,1,15384
2020-07-30,0,3526
2020-07-30,1,17664
2020-07-31,0,3999
2020-07-31,1,17556
2020-08-01,0,6988
2020-08-01,1,18309
2020-08-02,0,2521
2020-08-02,1,8815
2020-08-03,0,3441
2020-08-03,1,16206
2020-08-04,0,750
2020-08-04,1,5876
2020-08-05,0,3043
2020-08-05,1,16683
2020-08-06,0,4317
2020-08-06,1,19365
2020-08-07,0,4785
2020-08-07,1,18724
2020-08-08,0,7053
2020-08-08,1,17381
2020-08-09,0,4194
2020-08-09,1,12611
2020-08-10,0,3163
2020-08-10,1,16525
2020-08-11,0,2773
2020-08-11,1,15224
2020-08-12,0,3842
2020-08-12,1,19248
2020-08-13,0,4046
2020-08-13,1,18940
2020-08-14,0,4500
2020-08-14,1,19153
2020-08-15,0,6894
2020-08-15,1,17511
2020-08-16,0,5963
2020-08-16,1,15976
2020-08-17,0,2560
2020-08-17,1,14157
2020-08-18,0,3191
2020-08-18,1,17040
2020-08-19,0,3914
2020-08-19,1,18035
2020-08-20,0,3328
2020-08-20,1,16294
2020-08-21,0,3124
2020-08-21,1,14350
2020-08-22,0,7732
2020-08-22,1,17386
2020-08-23,0,4419
2020-08-23,1,13256
2020-08-24,0,2561
2020-08-24,1,13012
2020-08-25,0,3259
2020-08-25,1,17032
2020-08-26,0,3416
2020-08-26,1,17485
2020-08-27,0,3304
2020-08-27,1,16940
2020-08-28,0,4614
2020-08-28,1,18163
2020-08-29,0,1328
2020-08-29,1,5339
2020-08-30,0,4188
2020-08-30,1,14793
2020-08-31,0,3499
2020-08-31,1,16843
2020-09-01,0,2740
2020-09-01,1,16289
2020-09-02,0,2093
2020-09-02,1,13280
2020-09-03,0,3978
2020-09-03,1,18982
2020-09-04,0,4200
2020-09-04,1,16988
2020-09-05,0,6386
2020-09-05,1,14452
2020-09-06,0,7276
2020-09-06,1,13941
2020-09-07,0,3258
2020-09-07,1,9789
2020-09-08,0,2201
2020-09-08,1,14684
2020-09-09,0,2483
2020-09-09,1,15343
2020-09-10,0,1964
2020-09-10,1,13910
2020-09-11,0,3809
2020-09-11,1,17635
2020-09-12,0,6237
2020-09-12,1,16827
2020-09-13,0,1686
2020-09-13,1,7048
2020-09-14,0,2314
2020-09-14,1,14906
2020-09-15,0,2115
2020-09-15,1,14997
2020-09-16,0,2943
2020-09-16,1,17716
2020-09-17,0,2570
2020-09-17,1,16096
2020-09-18,0,2822
2020-09-18,1,15394
2020-09-19,0,4094
2020-09-19,1,13427
2020-09-20,0,3584
2020-09-20,1,12040
2020-09-21,0,1967
2020-09-21,1,13900
2020-09-22,0,2281
2020-09-22,1,15451
2020-09-23,0,2570
2020-09-23,1,16287
2020-09-24,0,2492
2020-09-24,1,15801
2020-09-25,0,2838
2020-09-25,1,15521
2020-09-26,0,6122
2020-09-26,1,16376
2020-09-27,0,4943
2020-09-27,1,14142
2020-09-28,0,2180
2020-09-28,1,14171
2020-09-29,0,951
2020-09-29,1,8686
2020-09-30,0,1749
2020-09-30,1,12319
2020-10-01,0,1552
2020-10-01,1,11500
2020-10-02,0,1129
2020-10-02,1,9347
2020-10-03,0,2708
2020-10-03,1,11763
2020-10-04,0,2939
2020-10-04,1,11155
2020-10-05,0,1577
2020-10-05,1,11703
2020-10-06,0,1893
2020-10-06,1,12934
2020-10-07,0,923
2020-10-07,1,8333
2020-10-08,0,1413
2020-10-08,1,11090
2020-10-09,0,1618
2020-10-09,1,10906
2020-10-10,0,2648
2020-10-10,1,10277
2020-10-11,0,2858
2020-10-11,1,9415
2020-10-12,0,2895
2020-10-12,1,9749
2020-10-13,0,474
2020-10-13,1,3988
2020-10-14,0,1389
2020-10-14,1,11282
2020-10-15,0,1587
2020-10-15,1,11910
2020-10-16,0,766
2020-10-16,1,6438
2020-10-17,0,3212
2020-10-17,1,12162
2020-10-18,0,2511
2020-10-18,1,9570
2020-10-19,0,658
2020-10-19,1,6165
2020-10-20,0,815
2020-10-20,1,7367
2020-10-21,0,558
2020-10-21,1,5761
2020-10-22,0,1327
2020-10-22,1,10285
2020-10-23,0,3015
2020-10-23,1,13724
2020-10-24,0,3325
2020-10-24,1,10930
2020-10-25,0,1879
2020-10-25,1,7762
2020-10-26,0,409
2020-10-26,1,3924
2020-10-27,0,821
2020-10-27,1,7863
2020-10-28,0,927
2020-10-28,1,7925
2020-10-29,0,935
2020-10-29,1,8679
2020-10-30,0,948
2020-10-30,1,7873
2020-10-31,0,1615
2020-10-31,1,7936
2020-11-01,0,726
2020-11-01,1,4355
2020-11-02,0,486
2020-11-02,1,5067
2020-11-03,0,388
2020-11-03,1,4559
2020-11-04,0,685
2020-11-04,1,6661
2020-11-05,0,1354
2020-11-05,1,9146
2020-11-06,0,1759
2020-11-06,1,10369
2020-11-07,0,4045
2020-11-07,1,11671
2020-11-08,0,4098
2020-11-08,1,11003
2020-11-09,0,2045
2020-11-09,1,9429
2020-11-10,0,2603
2020-11-10,1,11192
2020-11-11,0,1676
2020-11-11,1,9320
2020-11-12,0,1354
2020-11-12,1,8455
2020-11-13,0,1072
2020-11-13,1,7275
2020-11-14,0,1394
2020-11-14,1,7146
2020-11-15,0,609
2020-11-15,1,4124
2020-11-16,0,29
2020-11-16,1,406
2021-04-09,0,960
2021-04-09,1,7491
2021-04-10,0,3191
2021-04-10,1,14043
2021-04-11,0,2241
2021-04-11,1,11467
2021-04-12,0,742
2021-04-12,1,8897
2021-04-13,0,1293
2021-04-13,1,12330
2021-04-14,0,1099
2021-04-14,1,12081
2021-04-15,0,168
2021-04-15,1,2774
2021-04-16,0,222
2021-04-16,1,3517
2021-04-17,0,1664
2021-04-17,1,11829
2021-04-18,0,2190
2021-04-18,1,13261
2021-04-19,0,1298
2021-04-19,1,12224
2021-04-20,0,663
2021-04-20,1,8146
2021-04-21,0,156
2021-04-21,1,3264
2021-04-22,0,333
2021-04-22,1,5951
2021-04-23,0,1358
2021-04-23,1,12502
2021-04-24,0,3582
2021-04-24,1,18457
2021-04-25,0,821
2021-04-25,1,7667
2021-04-26,0,728
2021-04-26,1,9278
2021-04-27,0,1503
2021-04-27,1,13909
2021-04-28,0,674
2021-04-28,1,8317
2021-04-29,0,1308
2021-04-29,1,13603
2021-04-30,0,292
2021-04-30,1,4154
2021-05-01,0,2482
2021-05-01,1,14853
2021-05-02,0,3044
2021-05-02,1,15699
2021-05-03,0,1060
2021-05-03,1,10713
2021-05-04,0,1149
2021-05-04,1,12433
2021-05-05,0,888
2021-05-05,1,9686
2021-05-06,0,2021
2021-05-06,1,17202
2021-05-07,0,2248
2021-05-07,1,17374
2021-05-08,0,2956
2021-05-08,1,17147
2021-05-09,0,2991
2021-05-09,1,17149
2021-05-10,0,1706
2021-05-10,1,15062
2021-05-11,0,1216
2021-05-11,1,12674
2021-05-12,0,1775
2021-05-12,1,16393
2021-05-13,0,2532
2021-05-13,1,19125
2021-05-14,0,3252
2021-05-14,1,20738
2021-05-15,0,5458
2021-05-15,1,22628
2021-05-16,0,3699
2021-05-16,1,18000
2021-05-17,0,2700
2021-05-17,1,19760
2021-05-18,0,2796
2021-05-18,1,20926
2021-05-19,0,3073
2021-05-19,1,21562
2021-05-20,0,2777
2021-05-20,1,20360
2021-05-21,0,3470
2021-05-21,1,21948
2021-05-22,0,3980
2021-05-22,1,19479
2021-05-23,0,3921
2021-05-23,1,17929
2021-05-24,0,4860
2021-05-24,1,21037
2021-05-25,0,2182
2021-05-25,1,18457
2021-05-26,0,2080
2021-05-26,1,16884
2021-05-27,0,2609
2021-05-27,1,20053
2021-05-28,0,3769
2021-05-28,1,21071
2021-05-29,0,6133
2021-05-29,1,23937
2021-05-30,0,3037
2021-05-30,1,14531
2021-05-31,0,2793
2021-05-31,1,19655
2021-06-01,0,3126
2021-06-01,1,22083
2021-06-02,0,3705
2021-06-02,1,25000
2021-06-03,0,1936
2021-06-03,1,13949
2021-06-04,0,4500
2021-06-04,1,25696
2021-06-05,0,4049
2021-06-05,1,18844
2021-06-06,0,5096
2021-06-06,1,22418
2021-06-07,0,3260
2021-06-07,1,22391
2021-06-08,0,3329
2021-06-08,1,23236
2021-06-09,0,3774
2021-06-09,1,25625
2021-06-10,0,3859
2021-06-10,1,26569
2021-06-11,0,4863
2021-06-11,1,26741
2021-06-12,0,7065
2021-06-12,1,26533
2021-06-13,0,5635
2021-06-13,1,23549
2021-06-14,0,2104
2021-06-14,1,16532
2021-06-15,0,3133
2021-06-15,1,22560
2021-06-16,0,3665
2021-06-16,1,26274
2021-06-17,0,4243
2021-06-17,1,27124
2021-06-18,0,2797
2021-06-18,1,19232
2021-06-19,0,6175
2021-06-19,1,24858
2021-06-20,0,5756
2021-06-20,1,22932
2021-06-21,0,2755
2021-06-21,1,19689
2021-06-22,0,3157
2021-06-22,1,22610
2021-06-23,0,4425
2021-06-23,1,26084
2021-06-24,0,7655
2021-06-24,1,24121
2021-06-25,0,5843
2021-06-25,1,24585
2021-06-26,0,2272
2021-06-26,1,10264
2021-06-27,0,4619
2021-06-27,1,20761
2021-06-28,0,3936
2021-06-28,1,22626
2021-06-29,0,3970
2021-06-29,1,24553
2021-06-30,0,3799
2021-06-30,1,21401
2021-07-01,0,6481
2021-07-01,1,25249
2021-07-02,0,5828
2021-07-02,1,23185
2021-07-03,0,7009
2021-07-03,1,21291
2021-07-04,0,6182
2021-07-04,1,22141
2021-07-05,0,4714
2021-07-05,1,25678
2021-07-06,0,3589
2021-07-06,1,21921
2021-07-07,0,4479
2021-07-07,1,25772
2021-07-08,0,2243
2021-07-08,1,15049
2021-07-09,0,4768
2021-07-09,1,24859
2021-07-10,0,8056
2021-07-10,1,25810
2021-07-11,0,7056
2021-07-11,1,23637
2021-07-12,0,4324
2021-07-12,1,24634
2021-07-13,0,2924
2021-07-13,1,20113
2021-07-14,0,4082
2021-07-14,1,24664
2021-07-15,0,4911
2021-07-15,1,27517
2021-07-16,0,5460
2021-07-16,1,26519
2021-07-17,0,7811
2021-07-17,1,25795
2021-07-18,0,5606
2021-07-18,1,20525
2021-07-19,0,4406
2021-07-19,1,24484
2021-07-20,0,3221
2021-07-20,1,19256
2021-07-21,0,4209
2021-07-21,1,24129
2021-07-22,0,5319
2021-07-22,1,27058
2021-07-23,0,6244
2021-07-23,1,26905
2021-07-24,0,8299
2021-07-24,1,25341
2021-07-25,0,5751
2021-07-25,1,20975
2021-07-26,0,4343
2021-07-26,1,23935
2021-07-27,0,3795
2021-07-27,1,22520
2021-07-28,0,5194
2021-07-28,1,27591
2021-07-29,0,3545
2021-07-29,1,21072
2021-07-30,0,5070
2021-07-30,1,24545
2021-07-31,0,8006
2021-07-31,1,24187
2021-08-01,0,5860
2021-08-01,1,18894
2021-08-02,0,5046
2021-08-02,1,24122
2021-08-03,0,4860
2021-08-03,1,26193
2021-08-04,0,4884
2021-08-04,1,26676
2021-08-05,0,5498
2021-08-05,1,27323
2021-08-06,0,6525
2021-08-06,1,27553
2021-08-07,0,7691
2021-08-07,1,23933
2021-08-08,0,7098
2021-08-08,1,23321
2021-08-09,0,4381
2021-08-09,1,22764
2021-08-10,0,4465
2021-08-10,1,25131
2021-08-11,0,4767
2021-08-11,1,24178
2021-08-12,0,5164
2021-08-12,1,26495
2021-08-13,0,6669
2021-08-13,1,26810
2021-08-14,0,9418
2021-08-14,1,25506
2021-08-15,0,8650
2021-08-15,1,24242
2021-08-16,0,5152
2021-08-16,1,25159
2021-08-17,0,4654
2021-08-17,1,24790
2021-08-18,0,5440
2021-08-18,1,27140
2021-08-19,0,4342
2021-08-19,1,21625
2021-08-20,0,7104
2021-08-20,1,27817
2021-08-21,0,8886
2021-08-21,1,24418
2021-08-22,0,7648
2021-08-22,1,22760
2021-08-23,0,5142
2021-08-23,1,25278
2021-08-24,0,5713
2021-08-24,1,27340
2021-08-25,0,6055
2021-08-25,1,28216
2021-08-26,0,6514
2021-08-26,1,28422
2021-08-27,0,8680
2021-08-27,1,30469
2021-08-28,0,6387
2021-08-28,1,18785
2021-08-29,0,5339
2021-08-29,1,17533
2021-08-30,0,5751
2021-08-30,1,25291
2021-08-31,0,6636
2021-08-31,1,29750
2021-09-01,0,6354
2021-09-01,1,29935
2021-09-02,0,6098
2021-09-02,1,29256
2021-09-03,0,7372
2021-09-03,1,29258
2021-09-04,0,10735
2021-09-04,1,26354
2021-09-05,0,5377
2021-09-05,1,15612
2021-09-06,0,4068
2021-09-06,1,15193
2021-09-07,0,5391
2021-09-07,1,29276
2021-09-08,0,3910
2021-09-08,1,23340
2021-09-09,0,5502
2021-09-09,1,29140
2021-09-10,0,6773
2021-09-10,1,29454
2021-09-11,0,9306
2021-09-11,1,27306
2021-09-12,0,7694
2021-09-12,1,24659
2021-09-13,0,4861
2021-09-13,1,27277
2021-09-14,0,5216
2021-09-14,1,28595
2021-09-15,0,4815
2021-09-15,1,26854
2021-09-16,0,6589
2021-09-16,1,31115
2021-09-17,0,7800
2021-09-17,1,30717
2021-09-18,0,9449
2021-09-18,1,26796
2021-09-19,0,8135
2021-09-19,1,24408
2021-09-20,0,5203
2021-09-20,1,27788
2021-09-21,0,5486
2021-09-21,1,28094
2021-09-22,0,4965
2021-09-22,1,26843
2021-09-23,0,5888
2021-09-23,1,29179
2021-09-24,0,6937
2021-09-24,1,25577
2021-09-25,0,10075
2021-09-25,1,26812
2021-09-26,0,7339
2021-09-26,1,21841
2021-09-27,0,3270
2021-09-27,1,20478
2021-09-28,0,4606
2021-09-28,1,26193
2021-09-29,0,4253
2021-09-29,1,24726
2021-09-30,0,5265
2021-09-30,1,26842
2021-10-01,0,6297
2021-10-01,1,25842
2021-10-02,0,3507
2021-10-02,1,12348
2021-10-03,0,4970
2021-10-03,1,17623
2021-10-04,0,3696
2021-10-04,1,22195
2021-10-05,0,4389
2021-10-05,1,25177
2021-10-06,0,5285
2021-10-06,1,27517
2021-10-07,0,6221
2021-10-07,1,28465
2021-10-08,0,7645
2021-10-08,1,27613
2021-10-09,0,8677
2021-10-09,1,21757
2021-10-10,0,6024
2021-10-10,1,16408
2021-10-11,0,5804
2021-10-11,1,17899
2021-10-12,0,5463
2021-10-12,1,25337
2021-10-13,0,4852
2021-10-13,1,23529
2021-10-14,0,5470
2021-10-14,1,25962
2021-10-15,0,5880
2021-10-15,1,25080
2021-10-16,0,3543
2021-10-16,1,11564
2021-10-17,0,5245
2021-10-17,1,18039
2021-10-18,0,2898
2021-10-18,1,18203
2021-10-19,0,3374
2021-10-19,1,20660
2021-10-20,0,4588
2021-10-20,1,23723
2021-10-21,0,3301
2021-10-21,1,17836
2021-10-22,0,4207
2021-10-22,1,18675
2021-10-23,0,5517
2021-10-23,1,17768
2021-10-24,0,4901
2021-10-24,1,15835
2021-10-25,0,2462
2021-10-25,1,15156
2021-10-26,0,2272
2021-10-26,1,13996
2021-10-27,0,3752
2021-10-27,1,20265
2021-10-28,0,4114
2021-10-28,1,20438
2021-10-29,0,5075
2021-10-29,1,20874
2021-10-30,0,4969
2021-10-30,1,15398
2021-10-31,0,1444
2021-10-31,1,5418
2021-11-01,0,3477
2021-11-01,1,16892
2021-11-02,0,3055
2021-11-02,1,16584
2021-11-03,0,3200
2021-11-03,1,17171
2021-11-04,0,3496
2021-11-04,1,16824
2021-11-05,0,3890
2021-11-05,1,16446
2021-11-06,0,4922
2021-11-06,1,14993
2021-11-07,0,3576
2021-11-07,1,13953
2021-11-08,0,3388
2021-11-08,1,16628
2021-11-09,0,3579
2021-11-09,1,17598
2021-11-10,0,3874
2021-11-10,1,17343
2021-11-11,0,3974
2021-11-11,1,16772
2021-11-12,0,2410
2021-11-12,1,9620
2021-11-13,0,3115
2021-11-13,1,9266
2021-11-14,0,3351
2021-11-14,1,10713
2021-11-15,0,1527
2021-11-15,1,8680
2021-11-16,0,40
2021-11-16,1,156
